完整路径,文件名,扩展名,文件大小,修改时间,SHA256,当前所属目录,推测资料类型,推测作品名,计划目标路径,是否存在同名冲突,是否需要人工核验
D:\BaiduSyncdisk\AI-Wirte\.gitignore,.gitignore,,352,2026-08-04 16:34:22,74998362ab5070f208ce07274e8dcd6ef2ad6c87ed0ad5fc758e68348a8591d0,(根目录),git配置文件,—,保留原位(仓库根目录),否,是
D:\BaiduSyncdisk\AI-Wirte\00_项目说明与索引\README_目录使用说明.md,README_目录使用说明.md,.md,784,2026-07-28 19:03:09,e1abbe606d9117fc5db6b46bda52e55f995a5efb0fec564b32f2c46da1da095d,00_项目说明与索引,项目控制文档,—,00_项目控制/README_目录使用说明.md,,否
D:\BaiduSyncdisk\AI-Wirte\00_项目说明与索引\世界文学原始资料整理报告.md,世界文学原始资料整理报告.md,.md,5797,2026-08-05 07:22:49,104ec82d6508978806a71a7deffadfed5d7f6e98e329929bc9dbea0bd01ff105,00_项目说明与索引,项目控制文档,—,00_项目控制/世界文学原始资料整理报告.md,,否
D:\BaiduSyncdisk\AI-Wirte\00_项目说明与索引\待下载小说清单.md,待下载小说清单.md,.md,5332,2026-08-04 16:04:01,f2fc524d5b0407cec8cc3dc80dd2473daeddf981d68340d80d389464e1e8fa95,00_项目说明与索引,项目控制文档,—,00_项目控制/待下载小说清单.md,,否
D:\BaiduSyncdisk\AI-Wirte\01_原始训练材料\01_网文与世界文学\01_相关网络小说\其他类\亮剑(都梁).epub,亮剑(都梁).epub,.epub,563957,2026-08-05 07:32:02,238dafc2684f3b7e100b474e834969399057166d347c7ee15072a1a59c3a0061,01_原始训练材料/01_网文与世界文学/01_相关网络小说/其他类,网络小说,亮剑,01_原始素材/01_网络小说/亮剑/00_原始文件/亮剑(都梁).epub,,否
D:\BaiduSyncdisk\AI-Wirte\01_原始训练材料\01_网文与世界文学\01_相关网络小说\其他类\亮剑(都梁).txt,亮剑(都梁).txt,.txt,1091310,2026-08-04 15:42:06,a7397b104d6452c4f3246528b6bbe5b8d9375b87fedba62d14d76be8be0953be,01_原始训练材料/01_网文与世界文学/01_相关网络小说/其他类,网络小说,亮剑,01_原始素材/01_网络小说/亮剑/00_原始文件/亮剑(都梁).txt,,否
D:\BaiduSyncdisk\AI-Wirte\01_原始训练材料\01_网文与世界文学\01_相关网络小说\宗教思想类\奥术神座(爱潜水的乌贼).epub,奥术神座(爱潜水的乌贼).epub,.epub,6108434,2026-08-05 07:32:06,5de107a08182be46c35e5f0ffd8a2ce4440d41d50a7b839f4e5cb3c82339a190,01_原始训练材料/01_网文与世界文学/01_相关网络小说/宗教思想类,网络小说,奥术神座,01_原始素材/01_网络小说/奥术神座/00_原始文件/奥术神座(爱潜水的乌贼).epub,,否
D:\BaiduSyncdisk\AI-Wirte\01_原始训练材料\01_网文与世界文学\01_相关网络小说\宗教思想类\奥术神座(爱潜水的乌贼).txt,奥术神座(爱潜水的乌贼).txt,.txt,9930931,2026-08-04 15:42:06,166c7cbe7390fb055ae26ba4122fe3805e7bc79edc99b1f1ef8728a917712a24,01_原始训练材料/01_网文与世界文学/01_相关网络小说/宗教思想类,网络小说,奥术神座,01_原始素材/01_网络小说/奥术神座/00_原始文件/奥术神座(爱潜水的乌贼).txt,,否
D:\BaiduSyncdisk\AI-Wirte\01_原始训练材料\01_网文与世界文学\01_相关网络小说\宗教思想类\将夜(猫腻).epub,将夜(猫腻).epub,.epub,6426502,2026-08-05 07:31:35,43704bce13b4a2e3ee0e19ec8ddb7cec825bb78bc223f808dfdbaaa78cd3cbf5,01_原始训练材料/01_网文与世界文学/01_相关网络小说/宗教思想类,网络小说,将夜,01_原始素材/01_网络小说/将夜/00_原始文件/将夜(猫腻).epub,,否
D:\BaiduSyncdisk\AI-Wirte\01_原始训练材料\01_网文与世界文学\01_相关网络小说\宗教思想类\将夜(猫腻).txt,将夜(猫腻).txt,.txt,11735338,2026-08-04 15:42:06,6ec311ec8f184812158fc6167c99c2f69777ed37519ac9fe7668ad31dbb42624,01_原始训练材料/01_网文与世界文学/01_相关网络小说/宗教思想类,网络小说,将夜,01_原始素材/01_网络小说/将夜/00_原始文件/将夜(猫腻).txt,,否
D:\BaiduSyncdisk\AI-Wirte\01_原始训练材料\01_网文与世界文学\01_相关网络小说\宗教思想类\诡秘之主(爱潜水的乌贼).epub,诡秘之主(爱潜水的乌贼).epub,.epub,7899035,2026-08-05 07:31:36,49b87970437b981aacc2400f0ef709ef29e1ce6f0f3180f868b51a5c96d2345e,01_原始训练材料/01_网文与世界文学/01_相关网络小说/宗教思想类,网络小说,诡秘之主,01_原始素材/01_网络小说/诡秘之主/00_原始文件/诡秘之主(爱潜水的乌贼).epub,,否
D:\BaiduSyncdisk\AI-Wirte\01_原始训练材料\01_网文与世界文学\01_相关网络小说\宗教思想类\诡秘之主(爱潜水的乌贼).txt,诡秘之主(爱潜水的乌贼).txt,.txt,14222598,2026-08-04 15:42:06,1f8d9c681e1960d8283aafa0416c61923970cc55d932050728bcc4e79ddbd5a1,01_原始训练材料/01_网文与世界文学/01_相关网络小说/宗教思想类,网络小说,诡秘之主,01_原始素材/01_网络小说/诡秘之主/00_原始文件/诡秘之主(爱潜水的乌贼).txt,,否
D:\BaiduSyncdisk\AI-Wirte\01_原始训练材料\01_网文与世界文学\01_相关网络小说\宗教思想类\道诡异仙(狐尾的笔).epub,道诡异仙(狐尾的笔).epub,.epub,4111471,2026-08-05 07:32:09,4fbde72acf957b4387c7880e16ab28cf2ec6672e951b31e20f62370e571b58e0,01_原始训练材料/01_网文与世界文学/01_相关网络小说/宗教思想类,网络小说,道诡异仙,01_原始素材/01_网络小说/道诡异仙/00_原始文件/道诡异仙(狐尾的笔).epub,,否
D:\BaiduSyncdisk\AI-Wirte\01_原始训练材料\01_网文与世界文学\01_相关网络小说\宗教思想类\道诡异仙(狐尾的笔).txt,道诡异仙(狐尾的笔).txt,.txt,7267985,2026-08-04 15:42:06,151e6966c3a536af03679b92051d051a9da262a84fc9b0b85a9a2a4690ada659,01_原始训练材料/01_网文与世界文学/01_相关网络小说/宗教思想类,网络小说,道诡异仙,01_原始素材/01_网络小说/道诡异仙/00_原始文件/道诡异仙(狐尾的笔).txt,,否
D:\BaiduSyncdisk\AI-Wirte\01_原始训练材料\01_网文与世界文学\01_相关网络小说\悬疑身份类\一世之尊(爱潜水的乌贼).epub,一世之尊(爱潜水的乌贼).epub,.epub,8129275,2026-08-05 07:32:06,4e688d3f446d78f87a0562fc4b0deeb97fc69f737aa956994a45fe606716fcd2,01_原始训练材料/01_网文与世界文学/01_相关网络小说/悬疑身份类,网络小说,一世之尊,01_原始素材/01_网络小说/一世之尊/00_原始文件/一世之尊(爱潜水的乌贼).epub,,否
D:\BaiduSyncdisk\AI-Wirte\01_原始训练材料\01_网文与世界文学\01_相关网络小说\悬疑身份类\一世之尊(爱潜水的乌贼).txt,一世之尊(爱潜水的乌贼).txt,.txt,14219677,2026-08-04 15:42:06,6b3d1142063f73c7e0d8c1b93026bed280c1fb5e89fdc1130c4da183c16f226e,01_原始训练材料/01_网文与世界文学/01_相关网络小说/悬疑身份类,网络小说,一世之尊,01_原始素材/01_网络小说/一世之尊/00_原始文件/一世之尊(爱潜水的乌贼).txt,,否
D:\BaiduSyncdisk\AI-Wirte\01_原始训练材料\01_网文与世界文学\01_相关网络小说\悬疑身份类\十日终焉(杀虫队队员).epub,十日终焉(杀虫队队员).epub,.epub,5676263,2026-08-05 07:31:55,443e6ffc5ed5ed76c3348ec34f31ee42c6a8200720cdc5194cb9092221d5f60f,01_原始训练材料/01_网文与世界文学/01_相关网络小说/悬疑身份类,网络小说,十日终焉,01_原始素材/01_网络小说/十日终焉/00_原始文件/十日终焉(杀虫队队员).epub,,否
D:\BaiduSyncdisk\AI-Wirte\01_原始训练材料\01_网文与世界文学\01_相关网络小说\悬疑身份类\十日终焉(杀虫队队员).txt,十日终焉(杀虫队队员).txt,.txt,10268782,2026-08-04 15:42:06,45821c4c380f203282c9e7482af7e123a1bce57db10c19d75f6b291cfe01d67a,01_原始训练材料/01_网文与世界文学/01_相关网络小说/悬疑身份类,网络小说,十日终焉,01_原始素材/01_网络小说/十日终焉/00_原始文件/十日终焉(杀虫队队员).txt,,否
D:\BaiduSyncdisk\AI-Wirte\01_原始训练材料\01_网文与世界文学\01_相关网络小说\悬疑身份类\大奉打更人(卖报小郎君).epub,大奉打更人(卖报小郎君).epub,.epub,6634108,2026-08-05 07:31:57,82d69dd2f6e79b6fe2c66c76ba09084c0e64cba9d6685a6a98920efecc90a269,01_原始训练材料/01_网文与世界文学/01_相关网络小说/悬疑身份类,网络小说,大奉打更人,01_原始素材/01_网络小说/大奉打更人/00_原始文件/大奉打更人(卖报小郎君).epub,,否
D:\BaiduSyncdisk\AI-Wirte\01_原始训练材料\01_网文与世界文学\01_相关网络小说\悬疑身份类\大奉打更人(卖报小郎君).txt,大奉打更人(卖报小郎君).txt,.txt,12497750,2026-08-04 15:42:06,6e1149f7270648c98450febee378d6370542a19b481feb3c879686b9f9d647c9,01_原始训练材料/01_网文与世界文学/01_相关网络小说/悬疑身份类,网络小说,大奉打更人,01_原始素材/01_网络小说/大奉打更人/00_原始文件/大奉打更人(卖报小郎君).txt,,否
D:\BaiduSyncdisk\AI-Wirte\01_原始训练材料\01_网文与世界文学\01_相关网络小说\悬疑身份类\庆余年(猫腻).epub,庆余年(猫腻).epub,.epub,5142236,2026-08-05 07:31:35,91aaf63f98feb9d462184451cb98ca04519b68cdd27a7dc907e7d8d07dbe07f9,01_原始训练材料/01_网文与世界文学/01_相关网络小说/悬疑身份类,网络小说,庆余年,01_原始素材/01_网络小说/庆余年/00_原始文件/庆余年(猫腻).epub,,否
D:\BaiduSyncdisk\AI-Wirte\01_原始训练材料\01_网文与世界文学\01_相关网络小说\悬疑身份类\庆余年(猫腻).txt,庆余年(猫腻).txt,.txt,9619871,2026-08-04 15:42:06,894b630208834a86e844652adf3eeb73e9b1d34a78b35574de44d784fb30e20d,01_原始训练材料/01_网文与世界文学/01_相关网络小说/悬疑身份类,网络小说,庆余年,01_原始素材/01_网络小说/庆余年/00_原始文件/庆余年(猫腻).txt,,否
D:\BaiduSyncdisk\AI-Wirte\01_原始训练材料\01_网文与世界文学\01_相关网络小说\悬疑身份类\异兽迷城(彭湃).txt,异兽迷城(彭湃).txt,.txt,9378681,2026-07-28 19:05:05,bb10a776e3adfec4cd4ef4136b970f41fa83d30e10d109720df4db0d041cbc18,01_原始训练材料/01_网文与世界文学/01_相关网络小说/悬疑身份类,网络小说,异兽迷城,01_原始素材/01_网络小说/异兽迷城/00_原始文件/异兽迷城(彭湃).txt,,否
D:\BaiduSyncdisk\AI-Wirte\01_原始训练材料\01_网文与世界文学\01_相关网络小说\悬疑身份类\我不是戏神(三九音域).epub,我不是戏神(三九音域).epub,.epub,7546700,2026-08-05 07:32:36,b5029fb03ef5fcf0d9caaa75768e9dbb7fe91458eb75ac5fba71f5c7f79de687,01_原始训练材料/01_网文与世界文学/01_相关网络小说/悬疑身份类,网络小说,我不是戏神,01_原始素材/01_网络小说/我不是戏神/00_原始文件/我不是戏神(三九音域).epub,,否
D:\BaiduSyncdisk\AI-Wirte\01_原始训练材料\01_网文与世界文学\01_相关网络小说\悬疑身份类\我不是戏神(三九音域).pdf,我不是戏神(三九音域).pdf,.pdf,14339219,2026-07-27 06:01:26,b5c133f61091f6af873f61d2467d7becbd3e6372c191170248de1b77f19ce0cc,01_原始训练材料/01_网文与世界文学/01_相关网络小说/悬疑身份类,网络小说,我不是戏神,01_原始素材/01_网络小说/我不是戏神/00_原始文件/我不是戏神(三九音域).pdf,,否
D:\BaiduSyncdisk\AI-Wirte\01_原始训练材料\01_网文与世界文学\01_相关网络小说\悬疑身份类\我在精神病院学斩神(三九音域).epub,我在精神病院学斩神(三九音域).epub,.epub,7934819,2026-08-05 07:32:44,a0b2ad7cd9c3dc97c32c205818b5b72186f0dbceb3dd2bc850d67bdf23d8a835,01_原始训练材料/01_网文与世界文学/01_相关网络小说/悬疑身份类,网络小说,我在精神病院学斩神,01_原始素材/01_网络小说/我在精神病院学斩神/00_原始文件/我在精神病院学斩神(三九音域).epub,,否
D:\BaiduSyncdisk\AI-Wirte\01_原始训练材料\01_网文与世界文学\01_相关网络小说\悬疑身份类\我在精神病院学斩神(三九音域).pdf,我在精神病院学斩神(三九音域).pdf,.pdf,14886393,2026-07-27 06:14:03,3f64014d23fbd9dc44e56f0dd6761da6a4e1be4a3b688ffbe407425ae1be7f32,01_原始训练材料/01_网文与世界文学/01_相关网络小说/悬疑身份类,网络小说,我在精神病院学斩神,01_原始素材/01_网络小说/我在精神病院学斩神/00_原始文件/我在精神病院学斩神(三九音域).pdf,,否
D:\BaiduSyncdisk\AI-Wirte\01_原始训练材料\01_网文与世界文学\01_相关网络小说\悬疑身份类\死人经(洛带).epub,死人经(洛带).epub,.epub,4995857,2026-08-05 07:32:02,eb06b3bccbe112a78fcb40e553d2e621f80cfbf4a40fbac5fa2d0e45f54ce527,01_原始训练材料/01_网文与世界文学/01_相关网络小说/悬疑身份类,网络小说,死人经,01_原始素材/01_网络小说/死人经/00_原始文件/死人经(洛带).epub,,否
D:\BaiduSyncdisk\AI-Wirte\01_原始训练材料\01_网文与世界文学\01_相关网络小说\悬疑身份类\死人经(洛带).txt,死人经(洛带).txt,.txt,9115498,2026-08-04 15:42:06,d673bbed3c2d7a705fe60bf5838025f5f5f9a3bbf8710c31d763260123ce47bc,01_原始训练材料/01_网文与世界文学/01_相关网络小说/悬疑身份类,网络小说,死人经,01_原始素材/01_网络小说/死人经/00_原始文件/死人经(洛带).txt,,否
D:\BaiduSyncdisk\AI-Wirte\01_原始训练材料\01_网文与世界文学\01_相关网络小说\悬疑身份类\琅琊榜(海宴).epub,琅琊榜(海宴).epub,.epub,1217918,2026-08-05 07:31:32,bec39d642a046c278093532f10b57d6a369bea52248fa161a3657836e53bdcc1,01_原始训练材料/01_网文与世界文学/01_相关网络小说/悬疑身份类,网络小说,琅琊榜,01_原始素材/01_网络小说/琅琊榜/00_原始文件/琅琊榜(海宴).epub,,否
D:\BaiduSyncdisk\AI-Wirte\01_原始训练材料\01_网文与世界文学\01_相关网络小说\悬疑身份类\琅琊榜(海宴).txt,琅琊榜(海宴).txt,.txt,2123617,2026-08-04 15:42:06,3e6a351f745b94b2aed001163c9e83b2152530ded23da7e821d4c3ba9a0007ae,01_原始训练材料/01_网文与世界文学/01_相关网络小说/悬疑身份类,网络小说,琅琊榜,01_原始素材/01_网络小说/琅琊榜/00_原始文件/琅琊榜(海宴).txt,,否
D:\BaiduSyncdisk\AI-Wirte\01_原始训练材料\01_网文与世界文学\01_相关网络小说\悬疑身份类\长安十二时辰(马伯庸著).epub,长安十二时辰(马伯庸著).epub,.epub,709913,2026-08-05 07:31:46,7a95b47ee2172742c11fce10834c5fe780cd187559e209bf342be45b630323a7,01_原始训练材料/01_网文与世界文学/01_相关网络小说/悬疑身份类,网络小说,长安十二时辰,01_原始素材/01_网络小说/长安十二时辰/00_原始文件/长安十二时辰(马伯庸著).epub,,否
D:\BaiduSyncdisk\AI-Wirte\01_原始训练材料\01_网文与世界文学\01_相关网络小说\悬疑身份类\长安十二时辰(马伯庸著).txt,长安十二时辰(马伯庸著).txt,.txt,1386660,2026-08-04 15:42:06,ea39c48b585c396ac260b90a7015bee8af321fc969cadce716695029c44e5f6e,01_原始训练材料/01_网文与世界文学/01_相关网络小说/悬疑身份类,网络小说,长安十二时辰,01_原始素材/01_网络小说/长安十二时辰/00_原始文件/长安十二时辰(马伯庸著).txt,,否
D:\BaiduSyncdisk\AI-Wirte\01_原始训练材料\01_网文与世界文学\01_相关网络小说\悬疑身份类\间客(猫腻).epub,间客(猫腻).epub,.epub,5862471,2026-08-05 07:31:50,baae95d0d5bceefd268bc58840406fc0ff4bcffbce786a330c9b940f5ce2d959,01_原始训练材料/01_网文与世界文学/01_相关网络小说/悬疑身份类,网络小说,间客,01_原始素材/01_网络小说/间客/00_原始文件/间客(猫腻).epub,,否
D:\BaiduSyncdisk\AI-Wirte\01_原始训练材料\01_网文与世界文学\01_相关网络小说\悬疑身份类\间客(猫腻).txt,间客(猫腻).txt,.txt,10462559,2026-08-04 15:42:06,37b22c02c11b5dfbb833b5cfca1d4f45c4a77ea5dc8613ff55dae149fcc0d38f,01_原始训练材料/01_网文与世界文学/01_相关网络小说/悬疑身份类,网络小说,间客,01_原始素材/01_网络小说/间客/00_原始文件/间客(猫腻).txt,,否
D:\BaiduSyncdisk\AI-Wirte\01_原始训练材料\01_网文与世界文学\01_相关网络小说\经营制度类\上品寒士(贼道三痴).epub,上品寒士(贼道三痴).epub,.epub,2688941,2026-08-05 07:31:02,47eaa1b2763c355ccccc60c91dc5307dbe653bfdf9f42028f419bc6c256cf745,01_原始训练材料/01_网文与世界文学/01_相关网络小说/经营制度类,网络小说,上品寒士,01_原始素材/01_网络小说/上品寒士/00_原始文件/上品寒士(贼道三痴).epub,,否
D:\BaiduSyncdisk\AI-Wirte\01_原始训练材料\01_网文与世界文学\01_相关网络小说\经营制度类\上品寒士(贼道三痴).txt,上品寒士(贼道三痴).txt,.txt,4722154,2026-08-04 15:42:06,09b1bc9114faea0655dd04bfcff4ba13d83818cadce6fc529e737346aa14f219,01_原始训练材料/01_网文与世界文学/01_相关网络小说/经营制度类,网络小说,上品寒士,01_原始素材/01_网络小说/上品寒士/00_原始文件/上品寒士(贼道三痴).txt,,否
D:\BaiduSyncdisk\AI-Wirte\01_原始训练材料\01_网文与世界文学\01_相关网络小说\经营制度类\创业在晚唐(痴人陈).epub,创业在晚唐(痴人陈).epub,.epub,6975684,2026-08-05 07:31:23,a21df42cf8583d8d530bf2b0a0d7ff86efa244cd05ae5c5a1b754daed186370d,01_原始训练材料/01_网文与世界文学/01_相关网络小说/经营制度类,网络小说,创业在晚唐,01_原始素材/01_网络小说/创业在晚唐/00_原始文件/创业在晚唐(痴人陈).epub,,否
D:\BaiduSyncdisk\AI-Wirte\01_原始训练材料\01_网文与世界文学\01_相关网络小说\经营制度类\创业在晚唐(痴人陈).txt,创业在晚唐(痴人陈).txt,.txt,13112079,2026-07-28 19:26:42,3927b2f7c18d67439a8bc4050de7147a5ccf7afd8df55633065ab76422caee5e,01_原始训练材料/01_网文与世界文学/01_相关网络小说/经营制度类,网络小说,创业在晚唐,01_原始素材/01_网络小说/创业在晚唐/00_原始文件/创业在晚唐(痴人陈).txt,,否
D:\BaiduSyncdisk\AI-Wirte\01_原始训练材料\01_网文与世界文学\01_相关网络小说\经营制度类\唐砖(孑与2).epub,唐砖(孑与2).epub,.epub,7296518,2026-08-05 07:30:42,d33c1334db39e508f21e10e3e9186cef3b3dedf5cc9bf5969b0bf75426b2e32f,01_原始训练材料/01_网文与世界文学/01_相关网络小说/经营制度类,网络小说,唐砖,01_原始素材/01_网络小说/唐砖/00_原始文件/唐砖(孑与2).epub,,否
D:\BaiduSyncdisk\AI-Wirte\01_原始训练材料\01_网文与世界文学\01_相关网络小说\经营制度类\唐砖(孑与2).txt,唐砖(孑与2).txt,.txt,12430420,2026-08-04 15:42:06,c9ffefdafa55198c906c2e85b9da27aa143c24bbed7fad47dfa8fb0aab37413b,01_原始训练材料/01_网文与世界文学/01_相关网络小说/经营制度类,网络小说,唐砖,01_原始素材/01_网络小说/唐砖/00_原始文件/唐砖(孑与2).txt,,否
D:\BaiduSyncdisk\AI-Wirte\01_原始训练材料\01_网文与世界文学\01_相关网络小说\经营制度类\回到明朝当王爷(月关).epub,回到明朝当王爷(月关).epub,.epub,5444390,2026-08-05 07:30:33,c2f5896c405f8c62cfd18d0c87fb96971768f2d091b0414cd9f1979111bcf23d,01_原始训练材料/01_网文与世界文学/01_相关网络小说/经营制度类,网络小说,回到明朝当王爷,01_原始素材/01_网络小说/回到明朝当王爷/00_原始文件/回到明朝当王爷(月关).epub,,否
D:\BaiduSyncdisk\AI-Wirte\01_原始训练材料\01_网文与世界文学\01_相关网络小说\经营制度类\回到明朝当王爷(月关).txt,回到明朝当王爷(月关).txt,.txt,10273587,2026-08-04 15:42:06,0e51bc8c5e96b06935085669122745bf1a024f3323c2d8e79a9f9952a022176b,01_原始训练材料/01_网文与世界文学/01_相关网络小说/经营制度类,网络小说,回到明朝当王爷,01_原始素材/01_网络小说/回到明朝当王爷/00_原始文件/回到明朝当王爷(月关).txt,,否
D:\BaiduSyncdisk\AI-Wirte\01_原始训练材料\01_网文与世界文学\01_相关网络小说\经营制度类\大宋的智慧(孑与2).epub,大宋的智慧(孑与2).epub,.epub,6297830,2026-08-05 07:30:17,ab6db83db3a4245789df9c05b049bfceb33990b66a8c3853376224f2e1c9405b,01_原始训练材料/01_网文与世界文学/01_相关网络小说/经营制度类,网络小说,大宋的智慧,01_原始素材/01_网络小说/大宋的智慧/00_原始文件/大宋的智慧(孑与2).epub,,否
D:\BaiduSyncdisk\AI-Wirte\01_原始训练材料\01_网文与世界文学\01_相关网络小说\经营制度类\大宋的智慧(孑与2).txt,大宋的智慧(孑与2).txt,.txt,10926428,2026-08-04 15:42:06,220c3b82710688fb35dd775684497401dfc803a7f75647f3ea4e27604c9cfecc,01_原始训练材料/01_网文与世界文学/01_相关网络小说/经营制度类,网络小说,大宋的智慧,01_原始素材/01_网络小说/大宋的智慧/00_原始文件/大宋的智慧(孑与2).txt,,否
D:\BaiduSyncdisk\AI-Wirte\01_原始训练材料\01_网文与世界文学\01_相关网络小说\经营制度类\孺子帝(冰临神下).epub,孺子帝(冰临神下).epub,.epub,3112563,2026-08-05 07:30:10,dcec271d1f2503aeac892cb1578195033d642d93394f4f51c563a8b85e163b90,01_原始训练材料/01_网文与世界文学/01_相关网络小说/经营制度类,网络小说,孺子帝,01_原始素材/01_网络小说/孺子帝/00_原始文件/孺子帝(冰临神下).epub,,否
D:\BaiduSyncdisk\AI-Wirte\01_原始训练材料\01_网文与世界文学\01_相关网络小说\经营制度类\孺子帝(冰临神下).txt,孺子帝(冰临神下).txt,.txt,5667216,2026-08-04 15:42:06,d4517a8d0dc66057e28d67ae724fd02401ee2aaba8312d8d114b6a51678fc1f7,01_原始训练材料/01_网文与世界文学/01_相关网络小说/经营制度类,网络小说,孺子帝,01_原始素材/01_网络小说/孺子帝/00_原始文件/孺子帝(冰临神下).txt,,否
D:\BaiduSyncdisk\AI-Wirte\01_原始训练材料\01_网文与世界文学\01_相关网络小说\经营制度类\官居一品(三戒大师).epub,官居一品(三戒大师).epub,.epub,643792,2026-08-05 07:30:06,ceaab3841a502c1defa8ac3e451c37391ba68ef629a5b79cb03b01ab54d3fec1,01_原始训练材料/01_网文与世界文学/01_相关网络小说/经营制度类,网络小说,官居一品,01_原始素材/01_网络小说/官居一品/00_原始文件/官居一品(三戒大师).epub,,否
D:\BaiduSyncdisk\AI-Wirte\01_原始训练材料\01_网文与世界文学\01_相关网络小说\经营制度类\官居一品(三戒大师).txt,官居一品(三戒大师).txt,.txt,278077,2026-08-04 15:42:06,902da5f7bc8519ff37d7daea346118719c550978a8c58d039c922c8b140150de,01_原始训练材料/01_网文与世界文学/01_相关网络小说/经营制度类,网络小说,官居一品,01_原始素材/01_网络小说/官居一品/00_原始文件/官居一品(三戒大师).txt,,否
D:\BaiduSyncdisk\AI-Wirte\01_原始训练材料\01_网文与世界文学\01_相关网络小说\经营制度类\宰执天下(cuslaa).epub,宰执天下(cuslaa).epub,.epub,13135049,2026-08-05 07:30:32,b8785791270dbb070791b191aae7e87aac5fec25ddf7c1f0e7b4e76dd6f598ab,01_原始训练材料/01_网文与世界文学/01_相关网络小说/经营制度类,网络小说,宰执天下,01_原始素材/01_网络小说/宰执天下/00_原始文件/宰执天下(cuslaa).epub,,否
D:\BaiduSyncdisk\AI-Wirte\01_原始训练材料\01_网文与世界文学\01_相关网络小说\经营制度类\宰执天下(cuslaa).txt,宰执天下(cuslaa).txt,.txt,23115074,2026-08-04 15:42:06,90696063ff2de17e6ace0b6eeefc8406bf7ef23d848c607a851b8e3a36b11675,01_原始训练材料/01_网文与世界文学/01_相关网络小说/经营制度类,网络小说,宰执天下,01_原始素材/01_网络小说/宰执天下/00_原始文件/宰执天下(cuslaa).txt,,否
D:\BaiduSyncdisk\AI-Wirte\01_原始训练材料\01_网文与世界文学\01_相关网络小说\经营制度类\放开那个女巫(二目).epub,放开那个女巫(二目).epub,.epub,6306938,2026-08-05 07:30:29,4290263c1895c758e8ebb3dc55eef8a709ab4d7b20dd2e725d102a6e95234b75,01_原始训练材料/01_网文与世界文学/01_相关网络小说/经营制度类,网络小说,放开那个女巫,01_原始素材/01_网络小说/放开那个女巫/00_原始文件/放开那个女巫(二目).epub,,否
D:\BaiduSyncdisk\AI-Wirte\01_原始训练材料\01_网文与世界文学\01_相关网络小说\经营制度类\放开那个女巫(二目).txt,放开那个女巫(二目).txt,.txt,10009677,2026-08-04 15:42:06,46cf8a14b2adad993ccba5d4732cff7ac2ea2749a4c8f2096cdb250bdc154479,01_原始训练材料/01_网文与世界文学/01_相关网络小说/经营制度类,网络小说,放开那个女巫,01_原始素材/01_网络小说/放开那个女巫/00_原始文件/放开那个女巫(二目).txt,,否
D:\BaiduSyncdisk\AI-Wirte\01_原始训练材料\01_网文与世界文学\01_相关网络小说\经营制度类\明天下(孑与2).epub,明天下(孑与2).epub,.epub,5026920,2026-08-05 07:30:37,b597f3433e7ee8dbea0aa2cc0929a3fcbd4709e8bc08467bf4e576285ce19efc,01_原始训练材料/01_网文与世界文学/01_相关网络小说/经营制度类,网络小说,明天下,01_原始素材/01_网络小说/明天下/00_原始文件/明天下(孑与2).epub,,否
D:\BaiduSyncdisk\AI-Wirte\01_原始训练材料\01_网文与世界文学\01_相关网络小说\经营制度类\明天下(孑与2).txt,明天下(孑与2).txt,.txt,9265561,2026-08-04 15:42:06,d98fc7e253c12b8efd0170b97fe487ba08782f627f6854c9425c39225f31cbf0,01_原始训练材料/01_网文与世界文学/01_相关网络小说/经营制度类,网络小说,明天下,01_原始素材/01_网络小说/明天下/00_原始文件/明天下(孑与2).txt,,否
D:\BaiduSyncdisk\AI-Wirte\01_原始训练材料\01_网文与世界文学\01_相关网络小说\经营制度类\晚明(柯山梦).epub,晚明(柯山梦).epub,.epub,3857323,2026-08-05 07:30:54,755a372ed8374a2f0b01302aa7ff0f3b444fad8a1f03d8d6706b150c9e0d0e76,01_原始训练材料/01_网文与世界文学/01_相关网络小说/经营制度类,网络小说,晚明,01_原始素材/01_网络小说/晚明/00_原始文件/晚明(柯山梦).epub,,否
D:\BaiduSyncdisk\AI-Wirte\01_原始训练材料\01_网文与世界文学\01_相关网络小说\经营制度类\晚明(柯山梦).txt,晚明(柯山梦).txt,.txt,7086883,2026-08-04 15:42:06,91bc38422ae40890d502b5ab0a5a0c85ea0a6487b1f857b24fd6b8fd92b35a3d,01_原始训练材料/01_网文与世界文学/01_相关网络小说/经营制度类,网络小说,晚明,01_原始素材/01_网络小说/晚明/00_原始文件/晚明(柯山梦).txt,,否
D:\BaiduSyncdisk\AI-Wirte\01_原始训练材料\01_网文与世界文学\01_相关网络小说\经营制度类\极品家丁(禹岩).epub,极品家丁(禹岩).epub,.epub,4340370,2026-08-05 07:30:56,aaca163dd6079cded33c64752a51da64c3f50b9297bd7bf4363f3bca7dedae05,01_原始训练材料/01_网文与世界文学/01_相关网络小说/经营制度类,网络小说,极品家丁,01_原始素材/01_网络小说/极品家丁/00_原始文件/极品家丁(禹岩).epub,,否
D:\BaiduSyncdisk\AI-Wirte\01_原始训练材料\01_网文与世界文学\01_相关网络小说\经营制度类\极品家丁(禹岩).txt,极品家丁(禹岩).txt,.txt,8166489,2026-08-04 15:42:06,8f0e3c2c70f74d2ec069d09a83473865ae64d4af770631ca1422383b07761836,01_原始训练材料/01_网文与世界文学/01_相关网络小说/经营制度类,网络小说,极品家丁,01_原始素材/01_网络小说/极品家丁/00_原始文件/极品家丁(禹岩).txt,,否
D:\BaiduSyncdisk\AI-Wirte\01_原始训练材料\01_网文与世界文学\01_相关网络小说\经营制度类\枭臣(更俗).epub,枭臣(更俗).epub,.epub,7146879,2026-08-05 07:31:16,2a93ecf6702c41be3747e647c231b4277398677f55be1ffb1b420f8ff8e58242,01_原始训练材料/01_网文与世界文学/01_相关网络小说/经营制度类,网络小说,枭臣,01_原始素材/01_网络小说/枭臣/00_原始文件/枭臣(更俗).epub,,否
D:\BaiduSyncdisk\AI-Wirte\01_原始训练材料\01_网文与世界文学\01_相关网络小说\经营制度类\枭臣(更俗).txt,枭臣(更俗).txt,.txt,12894618,2026-08-04 15:42:06,6934a6b422e5b685aaf7e31901abb8bed2d4e292c0f55f218c324754796a152c,01_原始训练材料/01_网文与世界文学/01_相关网络小说/经营制度类,网络小说,枭臣,01_原始素材/01_网络小说/枭臣/00_原始文件/枭臣(更俗).txt,,否
D:\BaiduSyncdisk\AI-Wirte\01_原始训练材料\01_网文与世界文学\01_相关网络小说\经营制度类\步步生莲(月关).epub,步步生莲(月关).epub,.epub,5777597,2026-08-05 07:31:07,2ff130ffb0dc83484c3b006a1034a53a5d9343b590e4f799342b8c91c6b20240,01_原始训练材料/01_网文与世界文学/01_相关网络小说/经营制度类,网络小说,步步生莲,01_原始素材/01_网络小说/步步生莲/00_原始文件/步步生莲(月关).epub,,否
D:\BaiduSyncdisk\AI-Wirte\01_原始训练材料\01_网文与世界文学\01_相关网络小说\经营制度类\步步生莲(月关).txt,步步生莲(月关).txt,.txt,10830608,2026-08-04 15:42:06,82227f476dd601e8fb550ce79512d83767d76d3b813e984462c9d0dcb340a4b7,01_原始训练材料/01_网文与世界文学/01_相关网络小说/经营制度类,网络小说,步步生莲,01_原始素材/01_网络小说/步步生莲/00_原始文件/步步生莲(月关).txt,,否
D:\BaiduSyncdisk\AI-Wirte\01_原始训练材料\01_网文与世界文学\01_相关网络小说\经营制度类\汉乡(孑与2).epub,汉乡(孑与2).epub,.epub,6822342,2026-08-05 07:30:39,45f724c4e3268524d4120433983b3f1b459bdd38eb5f50535d6d06e83f2a90e0,01_原始训练材料/01_网文与世界文学/01_相关网络小说/经营制度类,网络小说,汉乡,01_原始素材/01_网络小说/汉乡/00_原始文件/汉乡(孑与2).epub,,否
D:\BaiduSyncdisk\AI-Wirte\01_原始训练材料\01_网文与世界文学\01_相关网络小说\经营制度类\汉乡(孑与2).txt,汉乡(孑与2).txt,.txt,12117473,2026-08-04 15:42:06,02012e66d047d7f2f60998ded72103124b138d28eb831f8d2e7e16ae854e2ad6,01_原始训练材料/01_网文与世界文学/01_相关网络小说/经营制度类,网络小说,汉乡,01_原始素材/01_网络小说/汉乡/00_原始文件/汉乡(孑与2).txt,,否
D:\BaiduSyncdisk\AI-Wirte\01_原始训练材料\01_网文与世界文学\01_相关网络小说\经营制度类\秦吏(七月新番).epub,秦吏(七月新番).epub,.epub,6103745,2026-08-05 07:30:15,ae7ef5be8baac4d2d7fe624be015150ca40f98bad75a8f3a7c3fd696da550f07,01_原始训练材料/01_网文与世界文学/01_相关网络小说/经营制度类,网络小说,秦吏,01_原始素材/01_网络小说/秦吏/00_原始文件/秦吏(七月新番).epub,,否
D:\BaiduSyncdisk\AI-Wirte\01_原始训练材料\01_网文与世界文学\01_相关网络小说\经营制度类\秦吏(七月新番).txt,秦吏(七月新番).txt,.txt,10441214,2026-08-04 15:42:06,c845e7c6220edb50641bcb45ead7d7722d527a974a89b1ca1dcf772422abea53,01_原始训练材料/01_网文与世界文学/01_相关网络小说/经营制度类,网络小说,秦吏,01_原始素材/01_网络小说/秦吏/00_原始文件/秦吏(七月新番).txt,,否
D:\BaiduSyncdisk\AI-Wirte\01_原始训练材料\01_网文与世界文学\01_相关网络小说\经营制度类\窃明(灰熊猫).epub,窃明(灰熊猫).epub,.epub,2042241,2026-08-05 07:30:57,b2946613f5f240a1a3c59f4e3a4096abd5f71f0603cbb55ba3c3513da608993a,01_原始训练材料/01_网文与世界文学/01_相关网络小说/经营制度类,网络小说,窃明,01_原始素材/01_网络小说/窃明/00_原始文件/窃明(灰熊猫).epub,,否
D:\BaiduSyncdisk\AI-Wirte\01_原始训练材料\01_网文与世界文学\01_相关网络小说\经营制度类\窃明(灰熊猫).txt,窃明(灰熊猫).txt,.txt,3717236,2026-08-04 15:42:06,e713bf00b261c36b43d700679a34374c438f2374ae58c4374d11ef3f4f20a421,01_原始训练材料/01_网文与世界文学/01_相关网络小说/经营制度类,网络小说,窃明,01_原始素材/01_网络小说/窃明/00_原始文件/窃明(灰熊猫).txt,,否
D:\BaiduSyncdisk\AI-Wirte\01_原始训练材料\01_网文与世界文学\01_相关网络小说\经营制度类\绍宋(榴弹怕水).epub,绍宋(榴弹怕水).epub,.epub,4503807,2026-08-05 07:30:10,77df5db45385dd485f5e582d830cdb11534923163b815c57fb7aec527e01de02,01_原始训练材料/01_网文与世界文学/01_相关网络小说/经营制度类,网络小说,绍宋,01_原始素材/01_网络小说/绍宋/00_原始文件/绍宋(榴弹怕水).epub,,否
D:\BaiduSyncdisk\AI-Wirte\01_原始训练材料\01_网文与世界文学\01_相关网络小说\经营制度类\绍宋(榴弹怕水).txt,绍宋(榴弹怕水).txt,.txt,8645543,2026-08-04 15:42:06,55aea2123bb62d45c530b6461044eb4b2a4918691e7f4c6d5c7d7460dc215bd8,01_原始训练材料/01_网文与世界文学/01_相关网络小说/经营制度类,网络小说,绍宋,01_原始素材/01_网络小说/绍宋/00_原始文件/绍宋(榴弹怕水).txt,,否
D:\BaiduSyncdisk\AI-Wirte\01_原始训练材料\01_网文与世界文学\01_相关网络小说\经营制度类\覆汉(榴弹怕水).epub,覆汉(榴弹怕水).epub,.epub,5235341,2026-08-05 07:30:44,11ac1c78106d57c78b67d1a0ca1c044d02f2277951533330f7b77c952ab600eb,01_原始训练材料/01_网文与世界文学/01_相关网络小说/经营制度类,网络小说,覆汉,01_原始素材/01_网络小说/覆汉/00_原始文件/覆汉(榴弹怕水).epub,,否
D:\BaiduSyncdisk\AI-Wirte\01_原始训练材料\01_网文与世界文学\01_相关网络小说\经营制度类\覆汉(榴弹怕水).txt,覆汉(榴弹怕水).txt,.txt,10052671,2026-08-04 15:42:06,ea93a3ae0cef02cef7fb8d059ecd22a763e81e21c74263a68da4e25b82ada1c1,01_原始训练材料/01_网文与世界文学/01_相关网络小说/经营制度类,网络小说,覆汉,01_原始素材/01_网络小说/覆汉/00_原始文件/覆汉(榴弹怕水).txt,,否
D:\BaiduSyncdisk\AI-Wirte\01_原始训练材料\01_网文与世界文学\01_相关网络小说\经营制度类\银狐(孑与2).epub,银狐(孑与2).epub,.epub,7301860,2026-08-05 07:31:06,d583d0492907d786eae4622ea139ae7bc8aac447d4159945a7be80ecea66152b,01_原始训练材料/01_网文与世界文学/01_相关网络小说/经营制度类,网络小说,银狐,01_原始素材/01_网络小说/银狐/00_原始文件/银狐(孑与2).epub,,否
D:\BaiduSyncdisk\AI-Wirte\01_原始训练材料\01_网文与世界文学\01_相关网络小说\经营制度类\银狐(孑与2).txt,银狐(孑与2).txt,.txt,13056282,2026-08-04 15:42:06,4aa2f944f11b3a84371b0b578f90c02e731bc2adf84e0ece56685608532f416c,01_原始训练材料/01_网文与世界文学/01_相关网络小说/经营制度类,网络小说,银狐,01_原始素材/01_网络小说/银狐/00_原始文件/银狐(孑与2).txt,,否
D:\BaiduSyncdisk\AI-Wirte\01_原始训练材料\01_网文与世界文学\01_相关网络小说\经营制度类\黎明之剑(远瞳).epub,黎明之剑(远瞳).epub,.epub,10792345,2026-08-05 07:31:40,b42fd57aaac679aa6d1fed53c699007ab9ad731b7eb43f4cfec75b0d090fbd75,01_原始训练材料/01_网文与世界文学/01_相关网络小说/经营制度类,网络小说,黎明之剑,01_原始素材/01_网络小说/黎明之剑/00_原始文件/黎明之剑(远瞳).epub,,否
D:\BaiduSyncdisk\AI-Wirte\01_原始训练材料\01_网文与世界文学\01_相关网络小说\经营制度类\黎明之剑(远瞳).txt,黎明之剑(远瞳).txt,.txt,20786295,2026-08-04 15:42:06,1c34e1c735a0c63e08ae5d765538c3da19abb46d218fa007619c28377272bd8e,01_原始训练材料/01_网文与世界文学/01_相关网络小说/经营制度类,网络小说,黎明之剑,01_原始素材/01_网络小说/黎明之剑/00_原始文件/黎明之剑(远瞳).txt,,否
D:\BaiduSyncdisk\AI-Wirte\01_原始训练材料\01_网文与世界文学\02_世界文学与经典小说\01_思想控制宗教与权力\1380-美妙的新世界.zip,1380-美妙的新世界.zip,.zip,1052404,2026-08-04 17:10:36,7988e2b5a275a20bfa04db7f9f5f6677b07cad11147c339f9b1024533cea39a9,01_原始训练材料/01_网文与世界文学/02_世界文学与经典小说/01_思想控制宗教与权力,世界文学,美妙的新世界,01_原始素材/02_世界文学/美妙的新世界/00_原始文件/1380-美妙的新世界.zip,,否
D:\BaiduSyncdisk\AI-Wirte\01_原始训练材料\01_网文与世界文学\02_世界文学与经典小说\01_思想控制宗教与权力\2735-使女的故事.zip,2735-使女的故事.zip,.zip,8068375,2026-08-04 17:30:05,6d1240869da216e1faa4317ced4ddd15cbf7da1aa80e0b9587841c56b81ec723,01_原始训练材料/01_网文与世界文学/02_世界文学与经典小说/01_思想控制宗教与权力,世界文学,使女的故事,01_原始素材/02_世界文学/使女的故事/00_原始文件/2735-使女的故事.zip,,否
D:\BaiduSyncdisk\AI-Wirte\01_原始训练材料\01_网文与世界文学\02_世界文学与经典小说\01_思想控制宗教与权力\4354-红与黑（译文名著典藏）.zip,4354-红与黑（译文名著典藏）.zip,.zip,14500767,2026-08-04 17:55:00,f9d1bb3a0d2221583021011fbcb75afdc04e39140bcc8ebbace547bee09a52be,01_原始训练材料/01_网文与世界文学/02_世界文学与经典小说/01_思想控制宗教与权力,世界文学,红与黑,01_原始素材/02_世界文学/红与黑/00_原始文件/4354-红与黑（译文名著典藏）.zip,,否
D:\BaiduSyncdisk\AI-Wirte\01_原始训练材料\01_网文与世界文学\02_世界文学与经典小说\01_思想控制宗教与权力\5304-审判（果麦经典）.zip,5304-审判（果麦经典）.zip,.zip,1163909,2026-08-04 17:26:06,fc285a0d109306d50a064db311c38c12327854a832105775819a724490a29926,01_原始训练材料/01_网文与世界文学/02_世界文学与经典小说/01_思想控制宗教与权力,世界文学,审判,01_原始素材/02_世界文学/审判/00_原始文件/5304-审判（果麦经典）.zip,,否
D:\BaiduSyncdisk\AI-Wirte\01_原始训练材料\01_网文与世界文学\02_世界文学与经典小说\01_思想控制宗教与权力\5337-大师与玛格丽特.zip,5337-大师与玛格丽特.zip,.zip,3842014,2026-08-04 17:31:29,9dcc0f4403c7c7352e8417ef9836ed1008dff09b204e6da9d5837500b8c9407b,01_原始训练材料/01_网文与世界文学/02_世界文学与经典小说/01_思想控制宗教与权力,世界文学,大师与玛格丽特,01_原始素材/02_世界文学/大师与玛格丽特/00_原始文件/5337-大师与玛格丽特.zip,,否
D:\BaiduSyncdisk\AI-Wirte\01_原始训练材料\01_网文与世界文学\02_世界文学与经典小说\01_思想控制宗教与权力\5426-动物农场（译文经典）.zip,5426-动物农场（译文经典）.zip,.zip,3772019,2026-08-04 17:28:05,2639c0073fd311009345acbbcf4165beda190f5ee4726a215e68898b39828548,01_原始训练材料/01_网文与世界文学/02_世界文学与经典小说/01_思想控制宗教与权力,世界文学,动物农场,01_原始素材/02_世界文学/动物农场/00_原始文件/5426-动物农场（译文经典）.zip,,否
D:\BaiduSyncdisk\AI-Wirte\01_原始训练材料\01_网文与世界文学\02_世界文学与经典小说\01_思想控制宗教与权力\6118-华氏451.zip,6118-华氏451.zip,.zip,2929589,2026-08-04 17:13:37,3e2140d41bea6a6d0dde7e99ae965ae913ad5500d18ee332a73f4a5238a55af0,01_原始训练材料/01_网文与世界文学/02_世界文学与经典小说/01_思想控制宗教与权力,世界文学,华氏451,01_原始素材/02_世界文学/华氏451/00_原始文件/6118-华氏451.zip,,否
D:\BaiduSyncdisk\AI-Wirte\01_原始训练材料\01_网文与世界文学\02_世界文学与经典小说\01_思想控制宗教与权力\6384-一九八四（译文经典）.zip,6384-一九八四（译文经典）.zip,.zip,4916507,2026-08-04 17:07:02,dd9254b4fd1364e6926b87b1bedc0599ed1f2a7c760c7f2f317dc3e77392110f,01_原始训练材料/01_网文与世界文学/02_世界文学与经典小说/01_思想控制宗教与权力,世界文学,一九八四,01_原始素材/02_世界文学/一九八四/00_原始文件/6384-一九八四（译文经典）.zip,,否
D:\BaiduSyncdisk\AI-Wirte\01_原始训练材料\01_网文与世界文学\02_世界文学与经典小说\02_革命战争与秩序重建\2535-悲惨世界（译文名著精选）.zip,2535-悲惨世界（译文名著精选）.zip,.zip,5641667,2026-08-04 17:30:26,f75d3102a506f851cad11c9718430a3656529b4e360132edc241411c0909af21,01_原始训练材料/01_网文与世界文学/02_世界文学与经典小说/02_革命战争与秩序重建,世界文学,悲惨世界,01_原始素材/02_世界文学/悲惨世界/00_原始文件/2535-悲惨世界（译文名著精选）.zip,,否
D:\BaiduSyncdisk\AI-Wirte\01_原始训练材料\01_网文与世界文学\02_世界文学与经典小说\02_革命战争与秩序重建\4550-静静的顿河（名著名译丛书）.zip,4550-静静的顿河（名著名译丛书）.zip,.zip,29887203,2026-08-04 18:09:50,5f524d393d3460f84bcfabf69f2c875ebae24ba898337cf6aaff5d65ee9b952b,01_原始训练材料/01_网文与世界文学/02_世界文学与经典小说/02_革命战争与秩序重建,世界文学,静静的顿河,01_原始素材/02_世界文学/静静的顿河/00_原始文件/4550-静静的顿河（名著名译丛书）.zip,,否
D:\BaiduSyncdisk\AI-Wirte\01_原始训练材料\01_网文与世界文学\02_世界文学与经典小说\02_革命战争与秩序重建\5731-战争与和平（名著名译丛书）.zip,5731-战争与和平（名著名译丛书）.zip,.zip,16777091,2026-08-04 17:55:25,a3748d6845601c0fec1cacb1dcf268348553609dc16d3746827460b237b214bb,01_原始训练材料/01_网文与世界文学/02_世界文学与经典小说/02_革命战争与秩序重建,世界文学,战争与和平,01_原始素材/02_世界文学/战争与和平/00_原始文件/5731-战争与和平（名著名译丛书）.zip,,否
D:\BaiduSyncdisk\AI-Wirte\01_原始训练材料\01_网文与世界文学\02_世界文学与经典小说\02_革命战争与秩序重建\9845-双城记（果麦经典）.zip,9845-双城记（果麦经典）.zip,.zip,2298556,2026-08-04 17:27:44,540191c51238d7a9f23597507cf13c866dd465c87e4276a19d88f47b1f9d91e9,01_原始训练材料/01_网文与世界文学/02_世界文学与经典小说/02_革命战争与秩序重建,世界文学,双城记,01_原始素材/02_世界文学/双城记/00_原始文件/9845-双城记（果麦经典）.zip,,否
D:\BaiduSyncdisk\AI-Wirte\01_原始训练材料\01_网文与世界文学\02_世界文学与经典小说\03_社会人性爱情与背叛\1330-卡拉马佐夫兄弟.zip,1330-卡拉马佐夫兄弟.zip,.zip,3273582,2026-08-04 17:29:09,136c9e26e400833369d20a7f7d073e57c37ef455e76f80cc608e51b32479e4dd,01_原始训练材料/01_网文与世界文学/02_世界文学与经典小说/03_社会人性爱情与背叛,世界文学,卡拉马佐夫兄弟,01_原始素材/02_世界文学/卡拉马佐夫兄弟/00_原始文件/1330-卡拉马佐夫兄弟.zip,,否
D:\BaiduSyncdisk\AI-Wirte\01_原始训练材料\01_网文与世界文学\02_世界文学与经典小说\03_社会人性爱情与背叛\1770-蝇王（戈尔丁文集）.zip,1770-蝇王（戈尔丁文集）.zip,.zip,1113549,2026-08-04 17:32:48,07dc916e50929a379a6a104fa3baa8878caa3e01b6df8e5397e1c374ce608b9e,01_原始训练材料/01_网文与世界文学/02_世界文学与经典小说/03_社会人性爱情与背叛,世界文学,蝇王,01_原始素材/02_世界文学/蝇王/00_原始文件/1770-蝇王（戈尔丁文集）.zip,,否
D:\BaiduSyncdisk\AI-Wirte\01_原始训练材料\01_网文与世界文学\02_世界文学与经典小说\03_社会人性爱情与背叛\3121-萨拉马戈：失明症漫记.zip,3121-萨拉马戈：失明症漫记.zip,.zip,1026185,2026-08-04 17:33:17,02fc18a027f5c9302abbcb375ceef803613239b2af56985c98ce42cf4560ff0d,01_原始训练材料/01_网文与世界文学/02_世界文学与经典小说/03_社会人性爱情与背叛,世界文学,萨拉马戈：失明症漫记,01_原始素材/02_世界文学/萨拉马戈：失明症漫记/00_原始文件/3121-萨拉马戈：失明症漫记.zip,,否
D:\BaiduSyncdisk\AI-Wirte\01_原始训练材料\01_网文与世界文学\02_世界文学与经典小说\03_社会人性爱情与背叛\6212-罪与罚（名著名译丛书）.zip,6212-罪与罚（名著名译丛书）.zip,.zip,5090145,2026-08-04 17:31:22,7a63dbb329964f1431df71505847c0b18aa5bc8dac82006b97385d9cc33c6148,01_原始训练材料/01_网文与世界文学/02_世界文学与经典小说/03_社会人性爱情与背叛,世界文学,罪与罚,01_原始素材/02_世界文学/罪与罚/00_原始文件/6212-罪与罚（名著名译丛书）.zip,,否
D:\BaiduSyncdisk\AI-Wirte\01_原始训练材料\01_网文与世界文学\02_世界文学与经典小说\03_社会人性爱情与背叛\861-百年孤独.zip,861-百年孤独.zip,.zip,1743771,2026-08-04 17:28:09,97712023a70f8082fcea8f24e95b6be47a05c524caec683992483a011e6d0922,01_原始训练材料/01_网文与世界文学/02_世界文学与经典小说/03_社会人性爱情与背叛,世界文学,百年孤独,01_原始素材/02_世界文学/百年孤独/00_原始文件/861-百年孤独.zip,,否
D:\BaiduSyncdisk\AI-Wirte\01_原始训练材料\01_网文与世界文学\02_世界文学与经典小说\03_社会人性爱情与背叛\861-百年孤独_已解压残留\BaiNianGuDu.azw3,BaiNianGuDu.azw3,.azw3,923565,2023-11-30 18:56:06,2eae4885a384daf9eccda749211fbb73c30362f618cdad7acf30c4da1ebf14b5,01_原始训练材料/01_网文与世界文学/02_世界文学与经典小说/03_社会人性爱情与背叛/861-百年孤独_已解压残留,世界文学,百年孤独,01_原始素材/02_世界文学/百年孤独/00_原始文件/BaiNianGuDu.azw3,,否
D:\BaiduSyncdisk\AI-Wirte\01_原始训练材料\01_网文与世界文学\02_世界文学与经典小说\03_社会人性爱情与背叛\861-百年孤独_已解压残留\BaiNianGuDu.epub,BaiNianGuDu.epub,.epub,477881,2023-11-30 18:56:04,e5751000da1770ac55cc6a2136956ae3e380a22333251a6ca63d90d913ff513c,01_原始训练材料/01_网文与世界文学/02_世界文学与经典小说/03_社会人性爱情与背叛/861-百年孤独_已解压残留,世界文学,百年孤独,01_原始素材/02_世界文学/百年孤独/00_原始文件/BaiNianGuDu.epub,,否
D:\BaiduSyncdisk\AI-Wirte\01_原始训练材料\01_网文与世界文学\02_世界文学与经典小说\03_社会人性爱情与背叛\861-百年孤独_已解压残留\BaiNianGuDu.mobi,BaiNianGuDu.mobi,.mobi,1698795,2023-11-30 18:56:06,43fa64d8b3ab0df6fde7b4fab3105a03d2de8d0462c274751a2262d6c53fd2e3,01_原始训练材料/01_网文与世界文学/02_世界文学与经典小说/03_社会人性爱情与背叛/861-百年孤独_已解压残留,世界文学,百年孤独,01_原始素材/02_世界文学/百年孤独/00_原始文件/BaiNianGuDu.mobi,,否
D:\BaiduSyncdisk\AI-Wirte\01_原始训练材料\01_网文与世界文学\02_世界文学与经典小说\03_社会人性爱情与背叛\861-百年孤独_已解压残留\免责声明.txt,免责声明.txt,.txt,886,2024-09-13 08:47:10,5cf315b8c283c641d8aed35548d5d48d7f2ce81080ac67e7848b247e4236f675,01_原始训练材料/01_网文与世界文学/02_世界文学与经典小说/03_社会人性爱情与背叛/861-百年孤独_已解压残留,世界文学,百年孤独,01_原始素材/02_世界文学/百年孤独/00_原始文件/免责声明.txt,,否
D:\BaiduSyncdisk\AI-Wirte\01_原始训练材料\01_网文与世界文学\02_世界文学与经典小说\03_社会人性爱情与背叛\861-百年孤独_已解压残留\读书派（www.dushupai.com）.url,读书派（www.dushupai.com）.url,.url,257,2024-09-13 08:48:38,6d0e0000c4cc2268b59dbf49709dd14b680b8452e95eaaa1b73f924246905ece,01_原始训练材料/01_网文与世界文学/02_世界文学与经典小说/03_社会人性爱情与背叛/861-百年孤独_已解压残留,世界文学,百年孤独,01_原始素材/02_世界文学/百年孤独/00_原始文件/读书派（www.dushupai.com）.url,,否
D:\BaiduSyncdisk\AI-Wirte\01_原始训练材料\01_网文与世界文学\02_世界文学与经典小说\04_悬疑身份经营与综合\3280-圣殿春秋（全3册）.zip,3280-圣殿春秋（全3册）.zip,.zip,8539907,2026-08-04 17:33:38,9e4ac0bca1558072c55c036d4abef3cdbaa9ced353b0926018964371e695c12f,01_原始训练材料/01_网文与世界文学/02_世界文学与经典小说/04_悬疑身份经营与综合,世界文学,圣殿春秋,01_原始素材/02_世界文学/圣殿春秋/00_原始文件/3280-圣殿春秋（全3册）.zip,,否
D:\BaiduSyncdisk\AI-Wirte\01_原始训练材料\01_网文与世界文学\02_世界文学与经典小说\04_悬疑身份经营与综合\3841-基督山伯爵（读客经典）.zip,3841-基督山伯爵（读客经典）.zip,.zip,6648415,2026-08-04 17:33:53,abf6400c09aae2c45c6f0d22ca369693a68cff0899e1a4f7a24b621651a50a78,01_原始训练材料/01_网文与世界文学/02_世界文学与经典小说/04_悬疑身份经营与综合,世界文学,基督山伯爵,01_原始素材/02_世界文学/基督山伯爵/00_原始文件/3841-基督山伯爵（读客经典）.zip,,否
D:\BaiduSyncdisk\AI-Wirte\08_模板脚本与日志\01_资料提取模板\资料提取记录模板.md,资料提取记录模板.md,.md,807,2026-07-28 19:03:09,e7ab6348b2e456159a7778e3e44f744540c93ab8aad91885756097be219b7cd8,08_模板脚本与日志/01_资料提取模板,模板/脚本,—,05_Skills与自动化/资料提取记录模板.md,,否
D:\BaiduSyncdisk\AI-Wirte\tools\pandoc\COPYING.rtf,COPYING.rtf,.rtf,20401,2026-06-04 10:20:52,da9a2c9d0c3a3327d18684635424a13cda9fc65d406a0ffc40ae8d016b476669,tools/pandoc,工具,—,05_Skills与自动化/pandoc/COPYING.rtf,,否
D:\BaiduSyncdisk\AI-Wirte\tools\pandoc\COPYRIGHT.txt,COPYRIGHT.txt,.txt,9823,2026-06-04 10:04:00,43575d901fd50cc06f49042b82f114667a82c17d63b429e99635ae9430c977c4,tools/pandoc,工具,—,05_Skills与自动化/pandoc/COPYRIGHT.txt,,否
D:\BaiduSyncdisk\AI-Wirte\tools\pandoc\MANUAL.html,MANUAL.html,.html,421118,2026-06-04 10:20:52,18c3d98e0d61970771d62638218166841ee9b0217479fe15dfbe6d001561f953,tools/pandoc,工具,—,05_Skills与自动化/pandoc/MANUAL.html,,否
D:\BaiduSyncdisk\AI-Wirte\tools\pandoc\pandoc.exe,pandoc.exe,.exe,231772424,2026-06-04 10:25:40,0e5d21f8b10537048ad5ba31d575d0792286fe682172fe67ea7267bccd1cabf8,tools/pandoc,工具,—,05_Skills与自动化/pandoc/pandoc.exe,,否
D:\BaiduSyncdisk\AI-Wirte\思路类\1c番茄小说潜力题材预测报告.pdf,1c番茄小说潜力题材预测报告.pdf,.pdf,690100,2026-07-27 06:53:30,7031ec0b4aae614d6964d89f31b9ecaaebaf629b89cf2483c821d352a93d579f,思路类,其他参考资料,—,01_原始素材/05_其他参考资料/1c番茄小说潜力题材预测报告.pdf,,否
D:\BaiduSyncdisk\AI-Wirte\思路类\1g番茄网文趋势预测分析.pdf,1g番茄网文趋势预测分析.pdf,.pdf,501766,2026-07-27 06:54:11,417464a8ab437f0fa4014f79b5c570a18fa5cf52e3477e58c3e62b124e0ea007,思路类,其他参考资料,—,01_原始素材/05_其他参考资料/1g番茄网文趋势预测分析.pdf,,否
D:\BaiduSyncdisk\AI-Wirte\思路类\题材-资料建议-work.pdf,题材-资料建议-work.pdf,.pdf,191413,2026-07-28 14:09:10,0c8f71411ec80ac8b40c23ea22717b92c49374070d0b94f16aade23496fa4100,思路类,其他参考资料,—,01_原始素材/05_其他参考资料/题材-资料建议-work.pdf,,否
D:\BaiduSyncdisk\AI-Wirte\思路类\题材-资料建议chat.pdf,题材-资料建议chat.pdf,.pdf,410581,2026-07-28 14:12:25,e4b4d8c7b7882616cd3b021f968904e0215a377abac994e90c1fff253ac90d5d,思路类,其他参考资料,—,01_原始素材/05_其他参考资料/题材-资料建议chat.pdf,,否
D:\BaiduSyncdisk\AI-Wirte\思路类\题材-资料建议融合.pdf,题材-资料建议融合.pdf,.pdf,510035,2026-07-28 15:34:01,4ad0f779295a9286c1098560b6cd91fac5339395baca8422d254cb4b0943b3ef,思路类,其他参考资料,—,01_原始素材/05_其他参考资料/题材-资料建议融合.pdf,,否
