素材ID,名称,类型,作者,标签,位置,提纯,知识,备注
book_0001,一世之尊,REFERENCE_WORK,爱潜水的乌贼,,01_原著/一世之尊,可用,未开始,
book_0002,上品寒士,REFERENCE_WORK,贼道三痴,,01_原著/上品寒士,可用,未开始,
book_0003,亮剑,REFERENCE_WORK,,,01_原著/亮剑,可用,未开始,
book_0004,创业在晚唐,REFERENCE_WORK,痴人陈,,01_原著/创业在晚唐,可用,未开始,
book_0005,十日终焉,REFERENCE_WORK,杀虫队队员,,01_原著/十日终焉,可用,未开始,
book_0006,唐砖,REFERENCE_WORK,,,01_原著/唐砖,可用,未开始,
book_0007,回到明朝当王爷,REFERENCE_WORK,月关,,01_原著/回到明朝当王爷,可用,未开始,
book_0008,大奉打更人,REFERENCE_WORK,,,01_原著/大奉打更人,可用,未开始,
book_0009,大宋的智慧,REFERENCE_WORK,,,01_原著/大宋的智慧,可用,未开始,
book_0010,奥术神座,REFERENCE_WORK,爱潜水的乌贼,,01_原著/奥术神座,可用,未开始,
book_0011,孺子帝,REFERENCE_WORK,冰临神下,,01_原著/孺子帝,可用,未开始,
book_0012,官居一品,REFERENCE_WORK,三戒大师,,01_原著/官居一品,可用,未开始,
book_0013,宰执天下,REFERENCE_WORK,cuslaa,,01_原著/宰执天下,可用,未开始,
book_0014,将夜,REFERENCE_WORK,猫腻,,01_原著/将夜,可用,未开始,
book_0015,庆余年,REFERENCE_WORK,猫腻,,01_原著/庆余年,可用,未开始,
book_0016,异兽迷城,REFERENCE_WORK,彭湃,,01_原著/异兽迷城,可用,未开始,
book_0017,我不是戏神,REFERENCE_WORK,三九音域,,01_原著/我不是戏神,可用,未开始,
book_0018,我在精神病院学斩神,REFERENCE_WORK,三九音域,,01_原著/我在精神病院学斩神,可用,未开始,
book_0019,放开那个女巫,REFERENCE_WORK,二目,,01_原著/放开那个女巫,可用,未开始,
book_0020,明天下,REFERENCE_WORK,孑与2,,01_原著/明天下,可用,未开始,
book_0021,晚明,REFERENCE_WORK,柯山梦,,01_原著/晚明,可用,未开始,
book_0022,极品家丁,REFERENCE_WORK,禹岩,,01_原著/极品家丁,可用,未开始,
book_0023,枭臣,REFERENCE_WORK,更俗,,01_原著/枭臣,可用,未开始,
book_0024,步步生莲,REFERENCE_WORK,月关,,01_原著/步步生莲,可用,未开始,
book_0025,死人经,REFERENCE_WORK,冰临神下,,01_原著/死人经,可用,未开始,
book_0026,汉乡,REFERENCE_WORK,孑与2,,01_原著/汉乡,可用,未开始,
book_0027,琅琊榜,REFERENCE_WORK,海宴,,01_原著/琅琊榜,可用,未开始,
book_0028,秦吏,REFERENCE_WORK,七月新番,,01_原著/秦吏,可用,未开始,
book_0029,窃明,REFERENCE_WORK,大爆炸（灰熊猫）,,01_原著/窃明,可用,未开始,
book_0030,绍宋,REFERENCE_WORK,榴弹怕水,,01_原著/绍宋,可用,未开始,
book_0031,覆汉,REFERENCE_WORK,榴弹怕水,,01_原著/覆汉,可用,未开始,
book_0032,诡秘之主,REFERENCE_WORK,爱潜水的乌贼,,01_原著/诡秘之主,可用,未开始,
book_0033,道诡异仙,REFERENCE_WORK,狐尾的笔,,01_原著/道诡异仙,可用,未开始,
book_0034,银狐,REFERENCE_WORK,孑与2,,01_原著/银狐,可用,未开始,
book_0035,长安十二时辰,REFERENCE_WORK,马伯庸,,01_原著/长安十二时辰,可用,可用,选中来源：长安十二时辰（全2册）.epub（.epub）
book_0036,间客,REFERENCE_WORK,猫腻,,01_原著/间客,可用,未开始,
book_0037,黎明之剑,REFERENCE_WORK,远瞳,,01_原著/黎明之剑,可用,未开始,
book_0038,一九八四,REFERENCE_WORK,George Orwell,,01_原著/一九八四,可用,可用,
book_0039,使女的故事,REFERENCE_WORK,,,01_原著/使女的故事,可用,未开始,
book_0040,动物农场,REFERENCE_WORK,,,01_原著/动物农场,需复核,未开始,
book_0041,华氏451,REFERENCE_WORK,,,01_原著/华氏451,需复核,未开始,
book_0042,卡拉马佐夫兄弟,REFERENCE_WORK,,,01_原著/卡拉马佐夫兄弟,可用,未开始,
book_0043,双城记,REFERENCE_WORK,,,01_原著/双城记,可用,未开始,
book_0044,圣殿春秋,REFERENCE_WORK,,,01_原著/圣殿春秋,可用,未开始,
book_0045,基督山伯爵,REFERENCE_WORK,,,01_原著/基督山伯爵,可用,未开始,
book_0046,大师与玛格丽特,REFERENCE_WORK,,,01_原著/大师与玛格丽特,可用,未开始,
book_0047,审判,REFERENCE_WORK,,,01_原著/审判,需复核,未开始,
book_0048,悲惨世界,REFERENCE_WORK,,,01_原著/悲惨世界,可用,未开始,
book_0049,战争与和平,REFERENCE_WORK,,,01_原著/战争与和平,可用,未开始,
book_0050,百年孤独,REFERENCE_WORK,,,01_原著/百年孤独,需复核,未开始,
book_0051,红与黑,REFERENCE_WORK,,,01_原著/红与黑,可用,未开始,
book_0052,罪与罚,REFERENCE_WORK,,,01_原著/罪与罚,可用,未开始,
book_0053,美妙的新世界,REFERENCE_WORK,,,01_原著/美妙的新世界,可用,未开始,
book_0054,萨拉马戈：失明症漫记,REFERENCE_WORK,,,01_原著/萨拉马戈：失明症漫记,需复核,未开始,
book_0055,蝇王,REFERENCE_WORK,,,01_原著/蝇王,可用,未开始,
book_0056,静静的顿河,REFERENCE_WORK,,,01_原著/静静的顿河,可用,未开始,
book_0062,大道朝天,REFERENCE_WORK,猫腻,,01_原著/大道朝天,可用,未开始,
book_0063,官道无疆,REFERENCE_WORK,瑞根,,01_原著/官道无疆,可用,未开始,
book_0064,二号首长,REFERENCE_WORK,黄晓阳,,01_原著/二号首长,可用,未开始,
book_0065,三体,REFERENCE_WORK,刘慈欣,,01_原著/三体,可用,可用,
book_0066,三国演义,REFERENCE_WORK,罗贯中,,01_原著/三国演义,可用,未开始,
book_0067,侯卫东官场笔记,REFERENCE_WORK,小乔老树,,01_原著/侯卫东官场笔记,可用,未开始,
book_0068,儒林外史,REFERENCE_WORK,吴敬梓,,01_原著/儒林外史,需复核,未开始,
book_0069,全职高手,REFERENCE_WORK,蝴蝶蓝,,01_原著/全职高手,可用,未开始,
book_0070,剑来,REFERENCE_WORK,烽火戏诸侯,,01_原著/剑来,可用,未开始,
book_0071,四世同堂,REFERENCE_WORK,老舍,,01_原著/四世同堂,可用,未开始,
book_0072,围城,REFERENCE_WORK,钱锺书,,01_原著/围城,可用,未开始,
book_0073,太平令,REFERENCE_WORK,阎ZK,,01_原著/太平令,可用,未开始,
book_0074,她上岸提分手，我转身成领导秘书,REFERENCE_WORK,元明小阳,,01_原著/她上岸提分手，我转身成领导秘书,可用,未开始,
book_0075,子夜,REFERENCE_WORK,茅盾,,01_原著/子夜,可用,未开始,
book_0076,官梯,REFERENCE_WORK,钓人的鱼,,01_原著/官梯,可用,未开始,
book_0077,尘埃落定,REFERENCE_WORK,,,01_原著/尘埃落定,可用,未开始,
book_0078,平凡的世界,REFERENCE_WORK,路遥,,01_原著/平凡的世界,可用,未开始,
book_0079,新官路商途,REFERENCE_WORK,更俗,,01_原著/新官路商途,可用,未开始,
book_0080,明朝那些事儿,REFERENCE_WORK,当年明月,,01_原著/明朝那些事儿,可用,未开始,
book_0081,明臣,REFERENCE_WORK,烛,,01_原著/明臣,可用,未开始,
book_0082,水浒传,REFERENCE_WORK,施耐庵,,01_原著/水浒传,可用,未开始,
book_0083,沧浪之水,REFERENCE_WORK,阎真,,01_原著/沧浪之水,可用,未开始,
book_0084,活着,REFERENCE_WORK,余华,,01_原著/活着,可用,未开始,
book_0085,牧神记,REFERENCE_WORK,宅猪,,01_原著/牧神记,需复核,未开始,
book_0086,特种兵在都市,REFERENCE_WORK,夜十三,,01_原著/特种兵在都市,可用,未开始,
book_0087,白鹿原,REFERENCE_WORK,陈忠实,,01_原著/白鹿原,可用,未开始,
book_0088,第一序列,REFERENCE_WORK,会说话的肘子,,01_原著/第一序列,可用,未开始,
book_0089,素食者,REFERENCE_WORK,한강,,01_原著/素食者,可用,未开始,
book_0090,紫川,REFERENCE_WORK,,,01_原著/紫川,可用,未开始,
book_0091,红楼梦,REFERENCE_WORK,,,01_原著/红楼梦,可用,未开始,
book_0092,茶馆,REFERENCE_WORK,老舍,,01_原著/茶馆,可用,未开始,
book_0093,金瓶梅,REFERENCE_WORK,兰陵笑笑生,,01_原著/金瓶梅,可用,未开始,
book_0094,锦衣夜行,REFERENCE_WORK,月关,,01_原著/锦衣夜行,可用,未开始,
book_0095,雪中悍刀行,REFERENCE_WORK,,,01_原著/雪中悍刀行,可用,未开始,
book_0096,风起陇西,REFERENCE_WORK,,,01_原著/风起陇西,可用,未开始,
book_0097,古董局中局1：佛头奇案,REFERENCE_WORK,,,01_原著/古董局中局1：佛头奇案,可用,未开始,
book_0098,古董局中局2：“清明上河图”之谜,REFERENCE_WORK,,,01_原著/古董局中局2：“清明上河图”之谜,可用,未开始,
book_0099,古董局中局3：掠宝清单,REFERENCE_WORK,,,01_原著/古董局中局3：掠宝清单,可用,未开始,
book_0100,古董局中局4：大结局,REFERENCE_WORK,,,01_原著/古董局中局4：大结局,可用,未开始,
book_0101,显微镜下的大明,REFERENCE_WORK,,,01_原著/显微镜下的大明,可用,未开始,
book_0102,两京十五日（全2册）,REFERENCE_WORK,,,01_原著/两京十五日（全2册）,可用,未开始,
book_0103,三国配角演义,REFERENCE_WORK,,,01_原著/三国配角演义,可用,未开始,
book_0104,我读书少你可别骗我,REFERENCE_WORK,,,01_原著/我读书少你可别骗我,可用,未开始,
book_0105,马伯庸笑翻中国简史,REFERENCE_WORK,,,01_原著/马伯庸笑翻中国简史,可用,未开始,
book_0106,她死在QQ上,REFERENCE_WORK,,,01_原著/她死在QQ上,可用,未开始,
book_0107,殷商玛雅征服史,REFERENCE_WORK,,,01_原著/殷商玛雅征服史,可用,未开始,
book_0108,欧罗巴英雄记,REFERENCE_WORK,,,01_原著/欧罗巴英雄记,可用,未开始,
book_0109,龙与地下铁,REFERENCE_WORK,,,01_原著/龙与地下铁,可用,未开始,
book_0110,草原动物园,REFERENCE_WORK,,,01_原著/草原动物园,可用,未开始,
book_0111,三国机密（上）龙难日,REFERENCE_WORK,,,01_原著/三国机密（上）龙难日,可用,未开始,
book_0112,三国机密（下）潜龙在渊,REFERENCE_WORK,,,01_原著/三国机密（下）潜龙在渊,可用,未开始,
book_0113,事实证明，人民永远是最可爱的,REFERENCE_WORK,,,01_原著/事实证明，人民永远是最可爱的,可用,未开始,
book_0114,七侯笔录（上）,REFERENCE_WORK,,,01_原著/七侯笔录（上）,可用,未开始,
book_0115,七侯笔录（下）,REFERENCE_WORK,,,01_原著/七侯笔录（下）,可用,未开始,
book_0116,傲慢与偏见,REFERENCE_WORK,简·奥斯汀,,01_原著/傲慢与偏见,可用,未开始,
book_0117,凡人修仙传,REFERENCE_WORK,忘语,,01_原著/凡人修仙传,可用,未开始,
book_0118,大国重工,REFERENCE_WORK,齐橙,,01_原著/大国重工,需复核,未开始,
book_0119,大江东去,REFERENCE_WORK,阿耐,,01_原著/大江东去,可用,未开始,
book_0120,完美世界,REFERENCE_WORK,辰东,,01_原著/完美世界,可用,未开始,
book_0121,小王子,REFERENCE_WORK,圣埃克苏佩里,,01_原著/小王子,可用,未开始,
book_0122,悟空传,REFERENCE_WORK,今何在,,01_原著/悟空传,可用,未开始,
book_0123,惊悚乐园,REFERENCE_WORK,三天两觉,,01_原著/惊悚乐园,可用,未开始,
book_0124,搜神记,REFERENCE_WORK,树下野狐,,01_原著/搜神记,可用,未开始,
book_0125,斗破苍穹,REFERENCE_WORK,天蚕土豆,,01_原著/斗破苍穹,可用,未开始,
book_0126,斗罗大陆,REFERENCE_WORK,唐家三少,,01_原著/斗罗大陆,可用,未开始,
book_0127,无限恐怖,REFERENCE_WORK,zhttty,,01_原著/无限恐怖,可用,未开始,
book_0128,星辰变,REFERENCE_WORK,我吃西红柿,,01_原著/星辰变,可用,未开始,
book_0129,杀死一只知更鸟,REFERENCE_WORK,哈珀·李,,01_原著/杀死一只知更鸟,可用,未开始,
book_0130,盗墓笔记,REFERENCE_WORK,南派三叔,,01_原著/盗墓笔记,可用,未开始,
book_0131,盘龙,REFERENCE_WORK,我吃西红柿,,01_原著/盘龙,可用,未开始,
book_0132,神墓,REFERENCE_WORK,辰东,,01_原著/神墓,可用,未开始,
book_0133,老人与海,REFERENCE_WORK,厄尼斯特·海明威,,01_原著/老人与海,可用,未开始,果麦经典丛书
book_0134,西游记,REFERENCE_WORK,吴承恩,,01_原著/西游记,可用,未开始,
book_0135,诛仙,REFERENCE_WORK,萧鼎,,01_原著/诛仙,可用,未开始,
book_0136,赘婿,REFERENCE_WORK,愤怒的香蕉,,01_原著/赘婿,可用,未开始,
book_0137,遮天,REFERENCE_WORK,辰东,,01_原著/遮天,可用,未开始,
book_0138,阳神,REFERENCE_WORK,梦入神机,,01_原著/阳神,可用,未开始,
book_0139,雪鹰领主,REFERENCE_WORK,我吃西红柿,,01_原著/雪鹰领主,需复核,未开始,
book_0140,骆驼祥子,REFERENCE_WORK,老舍,,01_原著/骆驼祥子,可用,未开始,
book_0141,鬼吹灯,REFERENCE_WORK,天下霸唱,,01_原著/鬼吹灯,可用,未开始,
